ASIN,reviews_verified,reviews_unverified,avg_review,avg_review_verified,avg_review_unverified
B06XDJP2WX,96,17,4.929203539823009,4.916666666666667,5.0
B075KNSDR7,35,7,4.928571428571429,4.942857142857143,4.857142857142857
B073SCXP26,29,2,4.935483870967742,4.931034482758621,5.0
B06XXKQP32,10,1,4.636363636363637,4.6,5.0
